Model,k,MAE,RMSE,R2
kNN Regression,13,21.174653846153845,60.04668432825053,-0.057785972928816154
kNN Regression,15,21.0815,59.843156723778094,-0.05062741660815018
kNN Regression,17,20.876882352941173,59.638752264163756,-0.043462481516370444
kNN Regression,19,20.779684210526316,59.504300829221705,-0.03876295713272038
kNN Regression,21,20.749119047619047,59.37369353616957,-0.03420795443481217
kNN Regression,23,20.724869565217393,59.31577253526735,-0.03219113055441003
kNN Regression,25,20.65004,59.19892185504733,-0.028128351669976404
kNN Regression,27,20.626203703703705,59.121497689301336,-0.02544080523787917
kNN Regression,29,20.619241379310346,59.06844579758076,-0.023601299527606256
